<network_element>
<install_flash>256</install_flash>
<config_reg>0x2102</config_reg>
<device_type>cisco2921</device_type>
<product_family>Cisco 2900 Series Integrated Services Routers</product_family>
<os_type>IOS</os_type>
<element_name>er01.allentown.pa.free.comcast.net</element_name>
<last_reset>2020-05-16 07:13:26</last_reset>
<sys_description>Cisco IOS Software, C2900 Software (C2900-UNIVERSALK9-M), Version 15.4(3)M2, RELEASE SOFTWARE (fc2)<NL>Technical Support: http://www.cisco.com/techsupport<NL>Copyright (c) 1986-2015 by Cisco Systems, Inc.<NL>Compiled Fri 06-Feb-15 17:29 by prod_rel_team</sys_description>
<image_name>C2900-UNIVERSALK9-M</image_name>
<chassis_pid>CISCO2921/K9</chassis_pid>
<part_top_assm_no></part_top_assm_no>
<config>
<running>2020-May-28 03:49:44</running>
</config>
<inventory_time>2017-04-14 11:02:28</inventory_time>
<part_printed_circuit_board_assembly_rev></part_printed_circuit_board_assembly_rev>
<deviceId>15771711</deviceId>
<part_top_assm_rev></part_top_assm_rev>
<collector_id>cms2</collector_id>
<cli>
</cli>
<sys_contact>[CHQ -- RE-DC-Ent-Network]</sys_contact>
<os_version>15.4(3)M2</os_version>
<ip_address>10.52.200.213</ip_address>
<processor_board_id></processor_board_id>
<sys_location>1611 Pond Rd, Allentown, PA 18104</sys_location>
<chassis_sn>FJC1939A06F</chassis_sn>
<reset_reason>power-on</reset_reason>
<part_printed_circuit_board_assembly_no></part_printed_circuit_board_assembly_no>
<sys_objectid>1.3.6.1.4.1.9.1.1044</sys_objectid>
<hardware_rev></hardware_rev>
<install_memory>512</install_memory>
<sysname>er01.allentown.pa.free.comcast.net</sysname>
</network_element>
