<network_element>
<install_flash>256</install_flash>
<config_reg>0x2102</config_reg>
<device_type>cisco2921</device_type>
<product_family>Cisco 2900 Series Integrated Services Routers</product_family>
<os_type>IOS</os_type>
<element_name>er01.gould-needhm.ma.neweng.comcast.net</element_name>
<last_reset>2019-08-31 06:03:36</last_reset>
<sys_description>Cisco IOS Software, C2900 Software (C2900-UNIVERSALK9-M), Version 15.4(3)M3, RELEASE SOFTWARE (fc2)<NL>Technical Support: http://www.cisco.com/techsupport<NL>Copyright (c) 1986-2015 by Cisco Systems, Inc.<NL>Compiled Fri 05-Jun-15 13:24 by prod_rel_team</sys_description>
<image_name>C2900-UNIVERSALK9-M</image_name>
<chassis_pid>CISCO2921/K9</chassis_pid>
<part_top_assm_no></part_top_assm_no>
<config>
<running>2020-May-28 04:00:06</running>
</config>
<inventory_time>2016-12-16 13:46:51</inventory_time>
<part_printed_circuit_board_assembly_rev></part_printed_circuit_board_assembly_rev>
<deviceId>15411337</deviceId>
<part_top_assm_rev></part_top_assm_rev>
<collector_id>cms2</collector_id>
<cli>
</cli>
<sys_contact>[CNOC_NETWORK_APPLICATION]</sys_contact>
<os_version>15.4(3)M3</os_version>
<ip_address>10.163.110.99</ip_address>
<processor_board_id></processor_board_id>
<sys_location>144 Gould St, Needham, MA 02492</sys_location>
<chassis_sn>FJC1919A0TX</chassis_sn>
<reset_reason>power-on</reset_reason>
<part_printed_circuit_board_assembly_no></part_printed_circuit_board_assembly_no>
<sys_objectid>1.3.6.1.4.1.9.1.1044</sys_objectid>
<hardware_rev></hardware_rev>
<install_memory>512</install_memory>
<sysname>er01.gould-needhm.ma.neweng.comcast.net</sysname>
</network_element>
