<network_element>
<install_flash>256</install_flash>
<config_reg>0x2102</config_reg>
<device_type>cisco2911</device_type>
<product_family>Cisco 2900 Series Integrated Services Routers</product_family>
<os_type>IOS</os_type>
<element_name>er02.pic-rckvll.md.belt.comcast.net</element_name>
<last_reset>2020-04-13 11:12:47</last_reset>
<sys_description>Cisco IOS Software, C2900 Software (C2900-UNIVERSALK9-M), Version 15.3(3)M5, RELEASE SOFTWARE (fc3)<NL>Technical Support: http://www.cisco.com/techsupport<NL>Copyright (c) 1986-2015 by Cisco Systems, Inc.<NL>Compiled Wed 04-Feb-15 09:02 by prod_rel_team</sys_description>
<image_name>C2900-UNIVERSALK9-Mz.spa</image_name>
<chassis_pid>CISCO2911/K9</chassis_pid>
<part_top_assm_no></part_top_assm_no>
<config>
<running>2020-May-28 03:53:44</running>
</config>
<inventory_time>2016-12-16 13:48:34</inventory_time>
<part_printed_circuit_board_assembly_rev></part_printed_circuit_board_assembly_rev>
<deviceId>15411350</deviceId>
<part_top_assm_rev></part_top_assm_rev>
<collector_id>cms2</collector_id>
<cli>
</cli>
<sys_contact>[CNOC_NETWORK_APPLICATION]</sys_contact>
<os_version>15.3(3)M5</os_version>
<ip_address>10.18.254.161</ip_address>
<processor_board_id></processor_board_id>
<sys_location>1390 Piccard Dr, Rockville, MD 20850</sys_location>
<chassis_sn>FJC2030A05G</chassis_sn>
<reset_reason>power-on</reset_reason>
<part_printed_circuit_board_assembly_no></part_printed_circuit_board_assembly_no>
<sys_objectid>1.3.6.1.4.1.9.1.1045</sys_objectid>
<hardware_rev></hardware_rev>
<install_memory>512</install_memory>
<sysname>er02.pic-rckvll.md.belt.comcast.net</sysname>
</network_element>
