<network_element>
<install_flash>4096</install_flash>
<config_reg>0x2102</config_reg>
<device_type>cisco3945SPE250</device_type>
<product_family>Cisco 3900 Series Integrated Services Routers</product_family>
<os_type>IOS</os_type>
<element_name>evr01-mdf01.drycr-lttltn.co.corp.comcast.net</element_name>
<last_reset>2019-02-25 15:36:51</last_reset>
<sys_description>Cisco IOS Software, C3900e Software (C3900e-UNIVERSALK9-M), Version 15.3(2)T2, RELEASE SOFTWARE (fc1)<NL>Technical Support: http://www.cisco.com/techsupport<NL>Copyright (c) 1986-2013 by Cisco Systems, Inc.<NL>Compiled Tue 10-Dec-13 00:45 by prod_rel_team</sys_description>
<image_name>C3900e-UNIVERSALK9-Mz.spa</image_name>
<chassis_pid>CISCO3945-CHASSIS</chassis_pid>
<part_top_assm_no></part_top_assm_no>
<config>
<running>2020-May-28 04:12:06</running>
</config>
<inventory_time>2016-12-02 20:02:00</inventory_time>
<part_printed_circuit_board_assembly_rev></part_printed_circuit_board_assembly_rev>
<deviceId>15313636</deviceId>
<part_top_assm_rev></part_top_assm_rev>
<collector_id>cms2</collector_id>
<cli>
</cli>
<sys_contact>[CNOC_NETWORK_APPLICATION]</sys_contact>
<os_version>15.3(2)T2</os_version>
<ip_address>10.168.0.83</ip_address>
<processor_board_id></processor_board_id>
<sys_location>4100 E Dry Creek Rd, Centennial, CO 80122</sys_location>
<chassis_sn>FJC2037D0LV</chassis_sn>
<reset_reason>Reload Command</reset_reason>
<part_printed_circuit_board_assembly_no></part_printed_circuit_board_assembly_no>
<sys_objectid>1.3.6.1.4.1.9.1.1145</sys_objectid>
<hardware_rev></hardware_rev>
<install_memory>2048</install_memory>
<sysname>evr01-mdf01.drycr-lttltn.co.corp.comcast.net</sysname>
</network_element>
