<network_element>
<install_flash>256</install_flash>
<config_reg>0x2102</config_reg>
<device_type>cisco2951</device_type>
<product_family>Cisco 2900 Series Integrated Services Routers</product_family>
<os_type>IOS</os_type>
<element_name>mr01.cyrusone.tx.mgmt.comcast.net</element_name>
<last_reset>2015-09-15 12:39:40</last_reset>
<sys_description>Cisco IOS Software, C2951 Software (C2951-UNIVERSALK9_NPE-M), Version 15.1(4)M4, RELEASE SOFTWARE (fc1)<NL>Technical Support: http://www.cisco.com/techsupport<NL>Copyright (c) 1986-2012 by Cisco Systems, Inc.<NL>Compiled Tue 20-Mar-12 19:11 by prod_rel_team</sys_description>
<image_name>C2951-UNIVERSALK9_NPE-Mz.spa</image_name>
<chassis_pid>CISCO2951/K9</chassis_pid>
<part_top_assm_no></part_top_assm_no>
<config>
<running>2020-May-27 06:09:12</running>
</config>
<inventory_time>2019-07-08 13:28:20</inventory_time>
<part_printed_circuit_board_assembly_rev></part_printed_circuit_board_assembly_rev>
<deviceId>17966515</deviceId>
<part_top_assm_rev></part_top_assm_rev>
<collector_id>ccn3</collector_id>
<cli>
</cli>
<sys_contact></sys_contact>
<os_version>15.1(4)M4</os_version>
<ip_address>69.252.12.188</ip_address>
<processor_board_id></processor_board_id>
<sys_location>Houston, TX (Cyrus One, Suite )</sys_location>
<chassis_sn>FTX1701AHQV</chassis_sn>
<reset_reason>power-on</reset_reason>
<part_printed_circuit_board_assembly_no></part_printed_circuit_board_assembly_no>
<sys_objectid>1.3.6.1.4.1.9.1.1043</sys_objectid>
<hardware_rev></hardware_rev>
<install_memory>1024</install_memory>
<sysname>mr01.cyrusone.tx.mgmt.comcast.net</sysname>
</network_element>
