<network_element>
<install_flash>256</install_flash>
<config_reg>0x2102</config_reg>
<device_type>cisco3945SPE250</device_type>
<product_family>Cisco 3900 Series Integrated Services Routers</product_family>
<os_type>IOS</os_type>
<element_name>mr03.seattle.wa.mgmt.comcast.net</element_name>
<last_reset>2019-10-01 21:21:42</last_reset>
<sys_description>Cisco IOS Software, C3900e Software (C3900e-UNIVERSALK9-M), Version 15.5(1)T2, RELEASE SOFTWARE (fc1)<NL>Technical Support: http://www.cisco.com/techsupport<NL>Copyright (c) 1986-2015 by Cisco Systems, Inc.<NL>Compiled Wed 27-May-15 00:34 by prod_rel_team</sys_description>
<image_name>C3900e-UNIVERSALK9-Mz.spa</image_name>
<chassis_pid>CISCO3945-CHASSIS</chassis_pid>
<part_top_assm_no></part_top_assm_no>
<config>
<running>2020-May-27 06:09:44</running>
</config>
<inventory_time>2019-07-08 13:28:25</inventory_time>
<part_printed_circuit_board_assembly_rev></part_printed_circuit_board_assembly_rev>
<deviceId>17966633</deviceId>
<part_top_assm_rev></part_top_assm_rev>
<collector_id>ccn3</collector_id>
<cli>
</cli>
<sys_contact></sys_contact>
<os_version>15.5(1)T2</os_version>
<ip_address>69.252.12.193</ip_address>
<processor_board_id></processor_board_id>
<sys_location>STTSWA58RXX</sys_location>
<chassis_sn>FJC2010D0KD</chassis_sn>
<reset_reason>bus error at PC 0x366A733</reset_reason>
<part_printed_circuit_board_assembly_no></part_printed_circuit_board_assembly_no>
<sys_objectid>1.3.6.1.4.1.9.1.1145</sys_objectid>
<hardware_rev></hardware_rev>
<install_memory>1024</install_memory>
<sysname>mr03.seattle.wa.mgmt.comcast.net</sysname>
</network_element>
