<network_element>
<install_flash>256</install_flash>
<config_reg>0x2102</config_reg>
<device_type>cisco2951</device_type>
<product_family>Cisco 2900 Series Integrated Services Routers</product_family>
<os_type>IOS</os_type>
<element_name>mr03.newark.nj.mgmt.comcast.net</element_name>
<last_reset>2016-07-12 14:03:30</last_reset>
<sys_description>Cisco IOS Software, C2951 Software (C2951-UNIVERSALK9_NPE-M), Version 15.4(1)T3, RELEASE SOFTWARE (fc1)<NL>Technical Support: http://www.cisco.com/techsupport<NL>Copyright (c) 1986-2014 by Cisco Systems, Inc.<NL>Compiled Thu 20-Nov-14 14:31 by prod_rel_team</sys_description>
<image_name>C2951-UNIVERSALK9_NPE-Mz.spa</image_name>
<chassis_pid>CISCO2951/K9</chassis_pid>
<part_top_assm_no></part_top_assm_no>
<config>
<running>2020-May-27 06:03:56</running>
</config>
<inventory_time>2019-07-08 13:28:25</inventory_time>
<part_printed_circuit_board_assembly_rev></part_printed_circuit_board_assembly_rev>
<deviceId>17966632</deviceId>
<part_top_assm_rev></part_top_assm_rev>
<collector_id>ccn3</collector_id>
<cli>
</cli>
<sys_contact></sys_contact>
<os_version>15.4(1)T3</os_version>
<ip_address>69.252.12.194</ip_address>
<processor_board_id></processor_board_id>
<sys_location>NWRKNJMDR16 | D03</sys_location>
<chassis_sn>FJC1920A2UB</chassis_sn>
<reset_reason>power-on</reset_reason>
<part_printed_circuit_board_assembly_no></part_printed_circuit_board_assembly_no>
<sys_objectid>1.3.6.1.4.1.9.1.1043</sys_objectid>
<hardware_rev></hardware_rev>
<install_memory>2048</install_memory>
<sysname>mr03.newark.nj.mgmt.comcast.net</sysname>
</network_element>
