<network_element>
<install_flash>256</install_flash>
<config_reg>0x2102</config_reg>
<device_type>cisco2921</device_type>
<product_family>Cisco 2900 Series Integrated Services Routers</product_family>
<os_type>IOS</os_type>
<element_name>NY5-ISR-CORP-RTR2</element_name>
<last_reset>2018-11-13 13:33:01</last_reset>
<sys_description>Cisco IOS Software, C2900 Software (C2900-UNIVERSALK9-M), Version 15.6(3)M5, RELEASE SOFTWARE (fc1)<NL>Technical Support: http://www.cisco.com/techsupport<NL>Copyright (c) 1986-2018 by Cisco Systems, Inc.<NL>Compiled Tue 31-Jul-18 08:44 by prod_rel_team</sys_description>
<image_name>C2900-UNIVERSALK9-Mz.spa</image_name>
<chassis_pid>CISCO2921/K9</chassis_pid>
<part_top_assm_no></part_top_assm_no>
<config>
<running>2020-May-25 13:10:16</running>
</config>
<inventory_time>2019-08-23 10:45:33</inventory_time>
<part_printed_circuit_board_assembly_rev></part_printed_circuit_board_assembly_rev>
<deviceId>18083013</deviceId>
<part_top_assm_rev></part_top_assm_rev>
<collector_id>ccn5</collector_id>
<cli>
</cli>
<sys_contact></sys_contact>
<os_version>15.6(3)M5</os_version>
<ip_address>10.14.3.101</ip_address>
<processor_board_id></processor_board_id>
<sys_location>NY5-CORP</sys_location>
<chassis_sn>FGL18301152</chassis_sn>
<reset_reason>Reload Command</reset_reason>
<part_printed_circuit_board_assembly_no></part_printed_circuit_board_assembly_no>
<sys_objectid>1.3.6.1.4.1.9.1.1044</sys_objectid>
<hardware_rev></hardware_rev>
<install_memory>512</install_memory>
<sysname>NY5-ISR-CORP-RTR2.fwmrm.net</sysname>
</network_element>
