<network_element>
<install_flash>256</install_flash>
<config_reg>0x2102</config_reg>
<device_type>cisco2951</device_type>
<product_family>Cisco 2900 Series Integrated Services Routers</product_family>
<os_type>IOS</os_type>
<element_name>NY5-ISR-EXT-RTR2</element_name>
<last_reset>2014-09-06 02:52:12</last_reset>
<sys_description>Cisco IOS Software, C2951 Software (C2951-UNIVERSALK9-M), Version 15.1(4)M3, RELEASE SOFTWARE (fc1)<NL>Technical Support: http://www.cisco.com/techsupport<NL>Copyright (c) 1986-2011 by Cisco Systems, Inc.<NL>Compiled Tue 06-Dec-11 17:34 by prod_rel_team</sys_description>
<image_name>C2951-UNIVERSALK9-Mz.spa</image_name>
<chassis_pid>CISCO2951/K9</chassis_pid>
<part_top_assm_no></part_top_assm_no>
<config>
<running>2020-May-25 13:10:04</running>
</config>
<inventory_time>2019-08-23 10:45:34</inventory_time>
<part_printed_circuit_board_assembly_rev></part_printed_circuit_board_assembly_rev>
<deviceId>18083015</deviceId>
<part_top_assm_rev></part_top_assm_rev>
<collector_id>ccn5</collector_id>
<cli>
</cli>
<sys_contact></sys_contact>
<os_version>15.1(4)M3</os_version>
<ip_address>10.14.1.101</ip_address>
<processor_board_id></processor_board_id>
<sys_location>NY5</sys_location>
<chassis_sn>FGL16141022</chassis_sn>
<reset_reason>power-on</reset_reason>
<part_printed_circuit_board_assembly_no></part_printed_circuit_board_assembly_no>
<sys_objectid>1.3.6.1.4.1.9.1.1043</sys_objectid>
<hardware_rev></hardware_rev>
<install_memory>1536</install_memory>
<sysname>NY5-ISR-EXT-RTR2.fwmrm.net</sysname>
</network_element>
