<network_element>
<install_flash>256</install_flash>
<config_reg>0x2102</config_reg>
<device_type>cisco2911</device_type>
<product_family>Cisco 2900 Series Integrated Services Routers</product_family>
<os_type>IOS</os_type>
<element_name>tsv01.15thst.co.denver.comcast.net</element_name>
<last_reset>2015-07-17 05:00:41</last_reset>
<sys_description>Cisco IOS Software, C2900 Software (C2900-UNIVERSALK9_NPE-M), Version 15.2(1)T1, RELEASE SOFTWARE (fc1)<NL>Technical Support: http://www.cisco.com/techsupport<NL>Copyright (c) 1986-2011 by Cisco Systems, Inc.<NL>Compiled Mon 19-Sep-11 17:41 by prod_rel_team</sys_description>
<image_name>C2900-UNIVERSALK9_NPE-Mz.spa</image_name>
<chassis_pid>CISCO2911/K9</chassis_pid>
<part_top_assm_no></part_top_assm_no>
<config>
<running>2020-May-27 06:08:28</running>
</config>
<inventory_time>2019-08-31 19:47:44</inventory_time>
<part_printed_circuit_board_assembly_rev></part_printed_circuit_board_assembly_rev>
<deviceId>18111693</deviceId>
<part_top_assm_rev></part_top_assm_rev>
<collector_id>ccn3</collector_id>
<cli>
</cli>
<sys_contact></sys_contact>
<os_version>15.2(1)T1</os_version>
<ip_address>68.86.19.105</ip_address>
<processor_board_id></processor_board_id>
<sys_location></sys_location>
<chassis_sn>FTX1615ALHJ</chassis_sn>
<reset_reason>Reload Command</reset_reason>
<part_printed_circuit_board_assembly_no></part_printed_circuit_board_assembly_no>
<sys_objectid>1.3.6.1.4.1.9.1.1045</sys_objectid>
<hardware_rev></hardware_rev>
<install_memory>512</install_memory>
<sysname>tsv01.15thst.co.denver.comcast.net</sysname>
</network_element>
