<network_element>
<install_flash>256</install_flash>
<config_reg>0x2102</config_reg>
<device_type>cisco3945</device_type>
<product_family>Cisco 3900 Series Integrated Services Routers</product_family>
<os_type>IOS</os_type>
<element_name>tsv04-d.pdc.co.corp.comcast.net</element_name>
<last_reset>2016-02-11 13:02:49</last_reset>
<sys_description>Cisco IOS Software, C3900 Software (C3900-UNIVERSALK9-M), Version 15.4(3)M1, RELEASE SOFTWARE (fc1)<NL>Technical Support: http://www.cisco.com/techsupport<NL>Copyright (c) 1986-2014 by Cisco Systems, Inc.<NL>Compiled Sat 25-Oct-14 07:15 by prod_rel_team</sys_description>
<image_name>C3900-UNIVERSALK9-Mz.spa</image_name>
<chassis_pid>CISCO3945-CHASSIS</chassis_pid>
<part_top_assm_no></part_top_assm_no>
<config>
<running>2020-May-28 03:53:02</running>
</config>
<inventory_time>2017-04-14 11:24:29</inventory_time>
<part_printed_circuit_board_assembly_rev></part_printed_circuit_board_assembly_rev>
<deviceId>15771771</deviceId>
<part_top_assm_rev></part_top_assm_rev>
<collector_id>cms2</collector_id>
<cli>
</cli>
<sys_contact></sys_contact>
<os_version>15.4(3)M1</os_version>
<ip_address>10.147.100.255</ip_address>
<processor_board_id></processor_board_id>
<sys_location>pdc-red</sys_location>
<chassis_sn>FTX1907AK5P</chassis_sn>
<reset_reason>power-on</reset_reason>
<part_printed_circuit_board_assembly_no></part_printed_circuit_board_assembly_no>
<sys_objectid>1.3.6.1.4.1.9.1.1041</sys_objectid>
<hardware_rev></hardware_rev>
<install_memory>1024</install_memory>
<sysname>tsv04-d.pdc.co.corp.comcast.net</sysname>
</network_element>
