<network_element>
<install_flash>256</install_flash>
<config_reg>0x2102</config_reg>
<device_type>cisco3945</device_type>
<product_family>Cisco 3900 Series Integrated Services Routers</product_family>
<os_type>IOS</os_type>
<element_name>tsv08.s3ndigital.ga.atlanta.comcast.net</element_name>
<last_reset>2012-12-05 07:44:09</last_reset>
<sys_description>Cisco IOS Software, C3900 Software (C3900-UNIVERSALK9-M), Version 15.2(3)T, RELEASE SOFTWARE (fc1)<NL>Technical Support: http://www.cisco.com/techsupport<NL>Copyright (c) 1986-2012 by Cisco Systems, Inc.<NL>Compiled Fri 23-Mar-12 20:03 by prod_rel_team</sys_description>
<image_name>C3900-UNIVERSALK9-Mz.spa</image_name>
<chassis_pid>CISCO3945-CHASSIS</chassis_pid>
<part_top_assm_no></part_top_assm_no>
<config>
<running>2020-May-27 06:08:26</running>
</config>
<inventory_time>2019-07-08 13:28:57</inventory_time>
<part_printed_circuit_board_assembly_rev></part_printed_circuit_board_assembly_rev>
<deviceId>17967306</deviceId>
<part_top_assm_rev></part_top_assm_rev>
<collector_id>ccn3</collector_id>
<cli>
</cli>
<sys_contact></sys_contact>
<os_version>15.2(3)T</os_version>
<ip_address>68.85.10.55</ip_address>
<processor_board_id></processor_board_id>
<sys_location>APOP Data Center Service Desk</sys_location>
<chassis_sn>FTX1631ALGL</chassis_sn>
<reset_reason>Reload Command</reset_reason>
<part_printed_circuit_board_assembly_no></part_printed_circuit_board_assembly_no>
<sys_objectid>1.3.6.1.4.1.9.1.1041</sys_objectid>
<hardware_rev></hardware_rev>
<install_memory>1024</install_memory>
<sysname>tsv08.s3ndigital.ga.atlanta.comcast.net</sysname>
</network_element>
