<network_element>
<install_flash>256</install_flash>
<config_reg>0x2102</config_reg>
<device_type>cisco3945SPE250</device_type>
<product_family>Cisco 3900 Series Integrated Services Routers</product_family>
<os_type>IOS</os_type>
<element_name>tsv09.area4.il.chicago.comcast.net</element_name>
<last_reset>2016-03-11 08:16:32</last_reset>
<sys_description>Cisco IOS Software, C3900e Software (C3900e-UNIVERSALK9-M), Version 15.3(2)T4, RELEASE SOFTWARE (fc2)<NL>Technical Support: http://www.cisco.com/techsupport<NL>Copyright (c) 1986-2014 by Cisco Systems, Inc.<NL>Compiled Tue 02-Sep-14 03:15 by prod_rel_team</sys_description>
<image_name>C3900e-UNIVERSALK9-Mz.spa</image_name>
<chassis_pid>CISCO3945-CHASSIS</chassis_pid>
<part_top_assm_no></part_top_assm_no>
<config>
<running>2020-May-27 06:05:02</running>
</config>
<inventory_time>2019-07-08 13:28:57</inventory_time>
<part_printed_circuit_board_assembly_rev></part_printed_circuit_board_assembly_rev>
<deviceId>17967310</deviceId>
<part_top_assm_rev></part_top_assm_rev>
<collector_id>ccn3</collector_id>
<cli>
</cli>
<sys_contact></sys_contact>
<os_version>15.3(2)T4</os_version>
<ip_address>68.85.1.126</ip_address>
<processor_board_id></processor_board_id>
<sys_location></sys_location>
<chassis_sn>FJC2003D0UB</chassis_sn>
<reset_reason>power-on</reset_reason>
<part_printed_circuit_board_assembly_no></part_printed_circuit_board_assembly_no>
<sys_objectid>1.3.6.1.4.1.9.1.1145</sys_objectid>
<hardware_rev></hardware_rev>
<install_memory>1024</install_memory>
<sysname>tsv09.area4.il.chicago.comcast.net</sysname>
</network_element>
