<network_element>
<install_flash>256</install_flash>
<config_reg>0x2102</config_reg>
<device_type>cisco3925</device_type>
<product_family>Cisco 3900 Series Integrated Services Routers</product_family>
<os_type>IOS</os_type>
<element_name>tsv09-d.westchester.pa.bo.comcast.net</element_name>
<last_reset>2014-09-05 16:08:56</last_reset>
<sys_description>Cisco IOS Software, C3900 Software (C3900-UNIVERSALK9-M), Version 15.3(2)T2, RELEASE SOFTWARE (fc1)<NL>Technical Support: http://www.cisco.com/techsupport<NL>Copyright (c) 1986-2013 by Cisco Systems, Inc.<NL>Compiled Tue 10-Dec-13 02:57 by prod_rel_team</sys_description>
<image_name>C3900-UNIVERSALK9-Mz.spa</image_name>
<chassis_pid>CISCO3925-CHASSIS</chassis_pid>
<part_top_assm_no></part_top_assm_no>
<config>
<running>2020-May-27 06:10:00</running>
</config>
<inventory_time>2019-07-08 13:28:57</inventory_time>
<part_printed_circuit_board_assembly_rev></part_printed_circuit_board_assembly_rev>
<deviceId>17967309</deviceId>
<part_top_assm_rev></part_top_assm_rev>
<collector_id>ccn3</collector_id>
<cli>
</cli>
<sys_contact>Comcast CNOC (888) 662-6386 Opt.2, Opt.5</sys_contact>
<os_version>15.3(2)T2</os_version>
<ip_address>68.87.5.158</ip_address>
<processor_board_id></processor_board_id>
<sys_location>Data Center Service Desk</sys_location>
<chassis_sn>FTX1645AJX0</chassis_sn>
<reset_reason>Reload Command</reset_reason>
<part_printed_circuit_board_assembly_no></part_printed_circuit_board_assembly_no>
<sys_objectid>1.3.6.1.4.1.9.1.1042</sys_objectid>
<hardware_rev></hardware_rev>
<install_memory>1024</install_memory>
<sysname>tsv09-d.westchester.pa.bo.comcast.net</sysname>
</network_element>
