<network_element>
<install_flash>256</install_flash>
<config_reg>0x2102</config_reg>
<device_type>cisco2911</device_type>
<product_family>Cisco 2900 Series Integrated Services Routers</product_family>
<os_type>IOS</os_type>
<element_name>tsv12.manassascc.va.bad.comcast.net</element_name>
<last_reset>2015-06-02 21:13:07</last_reset>
<sys_description>Cisco IOS Software, C2900 Software (C2900-UNIVERSALK9-M), Version 15.4(1)T2, RELEASE SOFTWARE (fc2)<NL>Technical Support: http://www.cisco.com/techsupport<NL>Copyright (c) 1986-2014 by Cisco Systems, Inc.<NL>Compiled Wed 30-Jul-14 09:14 by prod_rel_team</sys_description>
<image_name>C2900-UNIVERSALK9-Mz.spa</image_name>
<chassis_pid>CISCO2911/K9</chassis_pid>
<part_top_assm_no></part_top_assm_no>
<config>
<running>2020-May-27 06:04:48</running>
</config>
<inventory_time>2019-07-08 13:28:57</inventory_time>
<part_printed_circuit_board_assembly_rev></part_printed_circuit_board_assembly_rev>
<deviceId>17967321</deviceId>
<part_top_assm_rev></part_top_assm_rev>
<collector_id>ccn3</collector_id>
<cli>
</cli>
<sys_contact></sys_contact>
<os_version>15.4(1)T2</os_version>
<ip_address>68.87.6.90</ip_address>
<processor_board_id></processor_board_id>
<sys_location>Manassascc,va</sys_location>
<chassis_sn>FJC1901A02L</chassis_sn>
<reset_reason>power-on</reset_reason>
<part_printed_circuit_board_assembly_no></part_printed_circuit_board_assembly_no>
<sys_objectid>1.3.6.1.4.1.9.1.1045</sys_objectid>
<hardware_rev></hardware_rev>
<install_memory>512</install_memory>
<sysname>tsv12.manassascc.va.bad.comcast.net</sysname>
</network_element>
