<network_element>
<install_flash>4096</install_flash>
<config_reg>0x2102</config_reg>
<device_type>ciscoCat9410R</device_type>
<product_family>Cisco Catalyst 9400 Series Switches</product_family>
<os_type>IOS-XE</os_type>
<element_name>er02.chamblee.ga.bgsth.comcast.net</element_name>
<last_reset>2019-10-15 21:34:02</last_reset>
<sys_description>Cisco IOS Software [Fuji], Catalyst L3 Switch Software (CAT9K_IOSXE), Version 16.9.3, RELEASE SOFTWARE (fc2)<NL>Technical Support: http://www.cisco.com/techsupport<NL>Copyright (c) 1986-2019 by Cisco Systems, Inc.<NL>Compiled Wed 20-Mar-19 08:02 by mcpre</sys_description>
<image_name>CAT9K_IOSXE</image_name>
<chassis_pid>C9410R</chassis_pid>
<part_top_assm_no></part_top_assm_no>
<config>
<running>2020-May-13 23:58:26</running>
</config>
<inventory_time>2020-03-26 02:46:13</inventory_time>
<part_printed_circuit_board_assembly_rev></part_printed_circuit_board_assembly_rev>
<deviceId>18636473</deviceId>
<part_top_assm_rev></part_top_assm_rev>
<collector_id>cms2</collector_id>
<cli>
<show_inventory>2020-May-13 23:58:26</show_inventory>
</cli>
<sys_contact>[CHQ -- RE-DC-Ent-Network]</sys_contact>
<os_version>16.9.3</os_version>
<ip_address>10.189.0.47</ip_address>
<processor_board_id></processor_board_id>
<sys_location>3425 Malone Dr, Chamblee, GA 30341</sys_location>
<chassis_sn>FXS2235Q2TV</chassis_sn>
<reset_reason>PowerOn</reset_reason>
<part_printed_circuit_board_assembly_no></part_printed_circuit_board_assembly_no>
<sys_objectid>1.3.6.1.4.1.9.1.2501</sys_objectid>
<hardware_rev></hardware_rev>
<install_memory>1904</install_memory>
<sysname>er02.chamblee.ga.bgsth.comcast.net</sysname>
</network_element>
